Ticker1,Ticker2,GNNSimilarity,EmbeddingDistance,WasTrained,ActualPnL,ActualWinRate,ActualTrades
BIIB,ENTA,38.421504974365234,0.9232380390167236,False,,,
ENTA,TMDX,31.209177017211914,1.4039998054504395,False,,,
BIIB,TMDX,30.4459285736084,1.9107555150985718,False,,,
ENTA,VRTX,28.107553482055664,1.8239638805389404,True,29.385727308754568,100.0,27.0
ENTA,NVAX,27.692729949951172,2.16967511177063,False,,,
BIIB,VRTX,27.620018005371094,2.110731601715088,False,,,
ENTA,LLY,27.258302688598633,2.0220165252685547,False,,,
BIIB,NVAX,27.16825294494629,2.4309909343719482,False,,,
BIIB,LLY,26.570507049560547,2.370107889175415,False,,,
TMDX,VRTX,22.919986724853516,0.741243839263916,True,28.895466839021395,100.0,24.0
NVAX,TMDX,22.69997215270996,1.2411571741104126,False,,,
LLY,TMDX,22.408443450927734,0.7973278760910034,False,,,
BNTX,ENTA,20.886024475097656,2.9736292362213135,False,,,
NVAX,VRTX,20.829235076904297,0.6590322852134705,True,23.475386855980982,100.0,21.0
BIIB,BNTX,20.28794288635254,3.192476511001587,False,,,
LLY,VRTX,19.864730834960938,0.9357010722160339,False,,,
LLY,NVAX,19.46599578857422,1.491312026977539,False,,,
DRIO,ENTA,17.479228973388672,3.6693601608276367,False,,,
BNTX,TMDX,17.245315551757812,1.7237625122070312,False,,,
BIIB,DRIO,17.2012996673584,3.764749050140381,False,,,
AZN,ENTA,17.04692840576172,3.576796054840088,False,,,
AZN,BIIB,16.412189483642578,3.7704403400421143,False,,,
CRSP,ENTA,15.919342994689941,3.774493455886841,False,,,
ENTA,SDGR,15.8474702835083,3.891766309738159,False,,,
ENTA,RGEN,15.823423385620117,3.7303617000579834,False,,,
BNTX,NVAX,15.745905876159668,1.2936594486236572,False,,,
BIIB,CRSP,15.638505935668945,3.8680419921875,False,,,
BNTX,VRTX,15.602813720703125,1.1869031190872192,False,,,
BIIB,SDGR,15.597208976745605,3.9748759269714355,False,,,
BIIB,RGEN,15.505056381225586,3.8347885608673096,False,,,
AMGN,ENTA,15.418037414550781,3.763875722885132,True,23.699714550241723,100.0,28.0
AMGN,BIIB,15.123956680297852,3.861112594604492,False,,,
BNTX,LLY,14.914331436157227,1.3597445487976074,False,,,
DRIO,TMDX,14.418237686157227,2.536464214324951,False,,,
AZN,TMDX,14.259733200073242,2.2837085723876953,True,10.808529799956002,100.0,18.0
DRIO,NVAX,14.096799850463867,1.66730535030365,True,21.63259764116765,100.0,26.0
DRIO,VRTX,13.433244705200195,1.885740041732788,False,,,
SDGR,TMDX,13.084076881408691,2.742279291152954,False,,,
CRSP,TMDX,13.06878662109375,2.606794834136963,False,,,
RGEN,TMDX,12.97386360168457,2.5420825481414795,False,,,
NVAX,SDGR,12.847101211547852,1.922869324684143,False,,,
AZN,VRTX,12.623331069946289,1.9080119132995605,False,,,
AMGN,TMDX,12.580907821655273,2.586209535598755,True,19.42474785713442,100.0,24.0
AZN,LLY,12.56762981414795,1.677830696105957,False,,,
AZN,NVAX,12.494093894958496,2.1094987392425537,False,,,
CRSP,NVAX,12.457748413085938,1.9289469718933105,True,29.7833554826638,94.23076923076924,52.0
ENTA,RARE,12.398776054382324,4.323902606964111,False,,,
DRIO,LLY,12.2269868850708,2.2431530952453613,False,,,
ENTA,XRAY,12.21856689453125,4.391020774841309,False,,,
SDGR,VRTX,12.210391998291016,2.102342128753662,False,,,
BIIB,RARE,12.144039154052734,4.399872779846191,False,,,
BIIB,XRAY,12.065689086914062,4.442981719970703,False,,,
CRSP,VRTX,12.061962127685547,1.9903284311294556,True,27.15107973555552,95.83333333333334,24.0
NVAX,RGEN,11.995683670043945,2.030251979827881,False,,,
RGEN,VRTX,11.822809219360352,1.9790585041046143,True,20.952757896166226,100.0,27.0
AMGN,VRTX,11.195119857788086,2.147658586502075,False,,,
LLY,RGEN,11.178438186645508,2.06606388092041,False,,,
CRSP,LLY,11.152796745300293,2.200669050216675,False,,,
AMGN,LLY,11.093620300292969,1.9694268703460693,True,24.34260297257268,100.0,32.0
LLY,SDGR,11.089448928833008,2.392683744430542,False,,,
AMGN,NVAX,10.958721160888672,2.3740756511688232,False,,,
ENTA,EXAS,10.317127227783203,4.647578239440918,False,,,
RARE,TMDX,10.231159210205078,3.143061399459839,False,,,
BNTX,DRIO,10.201387405395508,1.0451329946517944,False,,,
BIIB,EXAS,10.135530471801758,4.702812671661377,False,,,
TMDX,XRAY,10.051224708557129,3.2346885204315186,False,,,
NVAX,XRAY,9.939767837524414,2.527747392654419,False,,,
NVAX,RARE,9.929807662963867,2.4869492053985596,True,23.9207333617474,88.57142857142857,35.0
AZN,BNTX,9.584423065185547,0.8893239498138428,False,,,
RARE,VRTX,9.504568099975586,2.5464470386505127,False,,,
ENTA,MRNA,9.434883117675781,4.768470764160156,False,,,
VRTX,XRAY,9.419149398803711,2.6229259967803955,False,,,
BNTX,SDGR,9.2778959274292,1.1650794744491577,False,,,
BIIB,MRNA,9.255260467529297,4.821911334991455,False,,,
BNTX,CRSP,9.12944507598877,0.9481639862060547,False,,,
BNTX,RGEN,8.920814514160156,0.8906357884407043,True,34.25805976566236,100.0,52.0
DRIO,SDGR,8.820406913757324,0.283773809671402,True,31.208373549735523,97.5,40.0
LLY,RARE,8.676265716552734,2.684065103530884,False,,,
BIIB,SRPT,8.61688232421875,5.249042987823486,False,,,
EXAS,TMDX,8.529460906982422,3.4673879146575928,False,,,
LLY,XRAY,8.490283966064453,2.792969226837158,False,,,
ENTA,SRPT,8.452993392944336,5.265639781951904,False,,,
EXAS,NVAX,8.398963928222656,2.826155662536621,False,,,
AMGN,BNTX,8.37083625793457,1.1548060178756714,False,,,
CRSP,DRIO,8.342111587524414,0.530867874622345,True,19.59128726661444,100.0,27.0
ENTA,ILMN,8.058059692382812,5.004522323608398,False,,,
BIIB,ILMN,7.978494167327881,5.035637855529785,False,,,
EXAS,VRTX,7.967560768127441,2.880791425704956,False,,,
AZN,DRIO,7.954016208648682,1.3637628555297852,False,,,
DXCM,ENTA,7.886783599853516,5.061150074005127,False,,,
DRIO,RGEN,7.867310523986816,0.8416531085968018,False,,,
BIIB,DXCM,7.8408098220825195,5.085317611694336,False,,,
NVAX,SRPT,7.815429210662842,3.398961067199707,False,,,
MRNA,TMDX,7.787591934204102,3.5889217853546143,False,,,
CRSP,SDGR,7.609650135040283,0.40603965520858765,True,12.209992747452311,100.0,18.0
MRNA,NVAX,7.576718330383301,3.0009143352508545,False,,,
MRNA,VRTX,7.242910385131836,3.0202817916870117,False,,,
BNTX,RARE,7.230841636657715,1.4506618976593018,False,,,
AZN,SDGR,7.2243804931640625,1.3180460929870605,False,,,
EXAS,LLY,7.212051868438721,2.9787886142730713,False,,,
AZN,CRSP,7.189579486846924,1.02545166015625,False,,,
AZN,RGEN,7.162869453430176,0.7628424763679504,False,,,
RGEN,SDGR,7.157236099243164,0.7393602132797241,False,,,
BNTX,XRAY,7.141325950622559,1.5836540460586548,False,,,
AMGN,AZN,6.997286796569824,0.5945430994033813,False,,,
CRSP,RGEN,6.9896135330200195,0.3558105528354645,False,,,
SRPT,VRTX,6.888426303863525,3.5855183601379395,False,,,
DRIO,XRAY,6.878464698791504,0.917509138584137,True,32.83267599558505,100.0,31.0
AMGN,DRIO,6.8687639236450195,1.4648754596710205,False,,,
SRPT,TMDX,6.850532054901123,4.216556549072266,False,,,
ILMN,NVAX,6.739065170288086,3.1990747451782227,False,,,
DRIO,RARE,6.734094619750977,0.9518685340881348,True,25.360984379078378,100.0,14.0
DXCM,NVAX,6.686906814575195,3.2505130767822266,False,,,
ILMN,TMDX,6.652071475982666,3.8346686363220215,False,,,
LLY,MRNA,6.602943420410156,3.0765633583068848,False,,,
DXCM,TMDX,6.500126838684082,3.9033336639404297,False,,,
ILMN,VRTX,6.292960166931152,3.2519662380218506,False,,,
AMGN,RGEN,6.290124893188477,0.665525496006012,False,,,
SDGR,XRAY,6.28532075881958,0.6680079698562622,False,,,
AMGN,CRSP,6.277678489685059,0.9954193234443665,False,,,
AMGN,SDGR,6.226824760437012,1.359361171722412,False,,,
DXCM,VRTX,6.195359230041504,3.316312551498413,False,,,
RARE,SDGR,6.151731491088867,0.6992165446281433,False,,,
BNTX,EXAS,6.061550140380859,1.7842512130737305,False,,,
DRIO,SRPT,5.988442897796631,1.8805902004241943,False,,,
CRSP,XRAY,5.907271385192871,0.6686081290245056,False,,,
CRSP,RARE,5.857542991638184,0.5674370527267456,True,12.355035194526184,95.65217391304348,23.0
DRIO,EXAS,5.7765703201293945,1.2496600151062012,False,,,
AZN,RARE,5.636035919189453,1.2517335414886475,False,,,
ENTA,GILD,5.610280513763428,5.358829021453857,False,,,
ILMN,LLY,5.561205863952637,3.3319666385650635,False,,,
RGEN,XRAY,5.551347255706787,0.7973975539207458,True,13.177340428679564,100.0,19.0
RARE,RGEN,5.545604705810547,0.6502453088760376,False,,,
AZN,XRAY,5.525961875915527,1.4182718992233276,False,,,
BNTX,MRNA,5.49906063079834,1.9189509153366089,False,,,
SDGR,SRPT,5.493514537811279,1.7159837484359741,False,,,
LLY,SRPT,5.438328742980957,3.8495898246765137,False,,,
DXCM,LLY,5.420490264892578,3.407473087310791,False,,,
BIIB,GILD,5.4011077880859375,5.411900043487549,False,,,
EXAS,SDGR,5.283817291259766,0.9824864268302917,True,13.772258585359452,95.23809523809524,21.0
BNTX,SRPT,5.193264961242676,2.7053346633911133,False,,,
DRIO,MRNA,5.1849045753479,1.4556183815002441,False,,,
CRSP,EXAS,4.979976654052734,0.9042490720748901,True,13.25007779654673,100.0,21.0
AMGN,RARE,4.877948760986328,1.0947684049606323,False,,,
CRSP,SRPT,4.836663722991943,1.8716317415237427,False,,,
DRIO,DXCM,4.798296928405762,1.6348594427108765,False,,,
BNTX,ILMN,4.791140556335449,2.156733274459839,False,,,
RARE,XRAY,4.782528877258301,0.32360607385635376,False,,,
GILD,TMDX,4.775687217712402,4.15134859085083,False,,,
AMGN,XRAY,4.774807929992676,1.276443600654602,False,,,
DRIO,ILMN,4.739518642425537,1.600900411605835,True,19.352724963333955,100.0,18.0
MRNA,SDGR,4.736457824707031,1.197431206703186,False,,,
AZN,EXAS,4.707497596740723,1.4712111949920654,False,,,
BNTX,DXCM,4.69304084777832,2.2528066635131836,False,,,
EXAS,RGEN,4.67799711227417,0.9479357004165649,False,,,
SRPT,XRAY,4.55143928527832,1.306201696395874,False,,,
CRSP,MRNA,4.48543643951416,1.0865490436553955,False,,,
DXCM,SDGR,4.3930277824401855,1.378922462463379,False,,,
GILD,LLY,4.386589050292969,3.4967808723449707,False,,,
ILMN,SDGR,4.332355499267578,1.3398998975753784,False,,,
RGEN,SRPT,4.319892883300781,2.003373384475708,False,,,
AZN,MRNA,4.302310466766357,1.5325400829315186,False,,,
MRNA,RGEN,4.251997947692871,1.060388207435608,True,23.17146513863767,100.0,26.0
EXAS,XRAY,4.118758201599121,0.41570404171943665,False,,,
GILD,VRTX,4.08792781829834,3.709662437438965,False,,,
AMGN,EXAS,4.050106048583984,1.2628344297409058,False,,,
RARE,SRPT,4.038801670074463,1.583328366279602,False,,,
CRSP,DXCM,4.032003402709961,1.3668137788772583,False,,,
CRSP,ILMN,4.031881332397461,1.2810088396072388,False,,,
EXAS,RARE,4.031041145324707,0.35176095366477966,True,29.94240928478756,96.7741935483871,31.0
ABBV,ENTA,3.953688621520996,5.598842620849609,False,,,
GILD,NVAX,3.9327969551086426,3.8239846229553223,False,,,
ABBV,BIIB,3.779327392578125,5.643494606018066,False,,,
ILMN,RGEN,3.740185260772705,1.304351806640625,False,,,
DXCM,RGEN,3.7266039848327637,1.3985477685928345,False,,,
MRNA,XRAY,3.726154327392578,0.5760735869407654,False,,,
AMGN,MRNA,3.711320638656616,1.283029556274414,False,,,
AZN,SRPT,3.6662144660949707,2.5779337882995605,False,,,
AZN,ILMN,3.6464858055114746,1.7926554679870605,False,,,
DXCM,SRPT,3.6373298168182373,1.0977197885513306,False,,,
MRNA,RARE,3.622421979904175,0.5610852837562561,False,,,
EXAS,SRPT,3.6121745109558105,1.449389934539795,False,,,
AZN,DXCM,3.573063373565674,1.8941748142242432,False,,,
DXCM,XRAY,3.51578950881958,0.7302848696708679,True,20.92060697843344,100.0,32.0
ILMN,XRAY,3.4095749855041504,0.7199338674545288,False,,,
MRNA,SRPT,3.3689517974853516,1.4003639221191406,False,,,
ABBV,TMDX,3.3418684005737305,4.406602382659912,False,,,
DXCM,RARE,3.3006763458251953,0.859670102596283,False,,,
ILMN,RARE,3.2857017517089844,0.7358956336975098,False,,,
ILMN,SRPT,3.185706377029419,1.371420979499817,False,,,
AMGN,ILMN,3.1278128623962402,1.5383321046829224,False,,,
EXAS,MRNA,3.1044375896453857,0.30221450328826904,False,,,
AMGN,SRPT,3.101505756378174,2.4270694255828857,False,,,
BNTX,GILD,3.100788116455078,2.609299898147583,False,,,
AMGN,DXCM,3.0477209091186523,1.6595447063446045,False,,,
ABBV,LLY,3.0008699893951416,3.7836124897003174,False,,,
ABBV,VRTX,2.8937578201293945,3.9327781200408936,False,,,
DXCM,EXAS,2.8848860263824463,0.5578188896179199,False,,,
EXAS,ILMN,2.845686197280884,0.4026430547237396,False,,,
AZN,GILD,2.821882963180542,1.90763258934021,False,,,
ABBV,NVAX,2.7989346981048584,4.0258402824401855,False,,,
DXCM,MRNA,2.635965347290039,0.42760491371154785,True,20.1815681375709,100.0,26.0
ILMN,MRNA,2.543863534927368,0.3736436367034912,False,,,
DRIO,GILD,2.4485955238342285,2.4333043098449707,False,,,
DXCM,ILMN,2.4420042037963867,0.35221225023269653,False,,,
AMGN,GILD,2.3998212814331055,1.6120457649230957,False,,,
GILD,RGEN,2.286264419555664,1.839950680732727,False,,,
CRSP,GILD,2.2354938983917236,2.0024988651275635,False,,,
GILD,SDGR,2.2196998596191406,2.1901795864105225,False,,,
ABBV,BNTX,2.197812557220459,2.816239833831787,False,,,
ABBV,AZN,1.9414775371551514,2.171792507171631,True,11.311805667984604,97.5,40.0
ABBV,DRIO,1.7357574701309204,2.581367015838623,False,,,
GILD,RARE,1.7183269262313843,1.5660569667816162,False,,,
ENTA,REGN,1.6802363395690918,5.960804462432861,False,,,
GILD,XRAY,1.6643503904342651,1.6688309907913208,False,,,
ABBV,AMGN,1.6601604223251343,1.8425043821334839,False,,,
BIIB,REGN,1.656792402267456,5.977570056915283,False,,,
ABBV,RGEN,1.6232126951217651,2.007070302963257,False,,,
ABBV,CRSP,1.5930180549621582,2.1475014686584473,False,,,
ABBV,SDGR,1.573702335357666,2.325014114379883,False,,,
EXAS,GILD,1.4341883659362793,1.3271623849868774,False,,,
REGN,TMDX,1.415266752243042,4.786291599273682,False,,,
LLY,REGN,1.3128418922424316,4.162814140319824,False,,,
GILD,MRNA,1.2914438247680664,1.1919277906417847,False,,,
ABBV,RARE,1.2322720289230347,1.6557337045669556,False,,,
REGN,VRTX,1.200981616973877,4.2999467849731445,False,,,
ABBV,XRAY,1.190309762954712,1.7463927268981934,False,,,
NVAX,REGN,1.1308002471923828,4.379601001739502,False,,,
GILD,ILMN,1.0842745304107666,1.1782679557800293,False,,,
DXCM,GILD,1.0252630710601807,1.3167301416397095,False,,,
ABBV,EXAS,1.0213500261306763,1.379799246788025,False,,,
ABBV,MRNA,0.9380123019218445,1.2018170356750488,False,,,
BNTX,REGN,0.8908729553222656,3.190976142883301,False,,,
AZN,REGN,0.8412460684776306,2.5601539611816406,False,,,
GILD,SRPT,0.8185634613037109,2.321922540664673,False,,,
ABBV,ILMN,0.7690465450286865,1.1556732654571533,False,,,
ABBV,DXCM,0.7438210844993591,1.270225167274475,False,,,
AMGN,REGN,0.721634030342102,2.21565318107605,False,,,
ABBV,GILD,0.7202112674713135,0.45770537853240967,False,,,
DRIO,REGN,0.7008121013641357,2.8931972980499268,False,,,
ABBV,SRPT,0.6756183505058289,2.2347311973571777,False,,,
REGN,RGEN,0.6671621799468994,2.3617100715637207,False,,,
CRSP,REGN,0.6420769095420837,2.4800984859466553,False,,,
REGN,SDGR,0.6340084075927734,2.631030559539795,False,,,
RARE,REGN,0.4854375123977661,1.9678329229354858,False,,,
REGN,XRAY,0.4781184196472168,2.027686834335327,False,,,
NVAX,XBI,0.4533939063549042,4.522022247314453,False,,,
EXAS,REGN,0.408225417137146,1.663532018661499,False,,,
ENTA,XBI,0.3848963975906372,6.167238712310791,False,,,
BIIB,XBI,0.3717578649520874,6.181778430938721,False,,,
MRNA,REGN,0.37084490060806274,1.4886043071746826,False,,,
DRIO,XBI,0.36754244565963745,2.991671085357666,False,,,
VRTX,XBI,0.36058521270751953,4.481439590454102,False,,,
GILD,REGN,0.3595341444015503,0.7537186741828918,False,,,
SDGR,XBI,0.3376532196998596,2.725435733795166,False,,,
SRPT,XBI,0.33407044410705566,2.2863354682922363,False,,,
INCY,PFE,0.3325612545013428,0.12013480812311172,False,,,
TMDX,XBI,0.33094799518585205,4.999019622802734,False,,,
INCY,UNH,0.3156750500202179,0.0845242515206337,True,19.81546266694588,94.44444444444444,18.0
ILMN,REGN,0.3076343536376953,1.3768254518508911,False,,,
PFE,UNH,0.30530089139938354,0.07083769887685776,False,,,
DXCM,REGN,0.3002566695213318,1.4621368646621704,False,,,
IHF,INCY,0.29241397976875305,0.1058252826333046,True,19.342598604307508,100.0,24.0
CRSP,XBI,0.2900925874710083,2.601504325866699,False,,,
BNTX,XBI,0.2897919714450836,3.3611693382263184,False,,,
IHF,PFE,0.2798633277416229,0.11586906015872955,False,,,
IHI,INCY,0.2770862281322479,0.14578892290592194,False,,,
XBI,XRAY,0.27507418394088745,2.104891777038574,False,,,
IHI,PFE,0.2697792053222656,0.11399035155773163,False,,,
MRK,PFE,0.26711323857307434,0.13461296260356903,False,,,
INCY,MRK,0.26479387283325195,0.2136213183403015,False,,,
IHF,UNH,0.2643857002258301,0.057622943073511124,False,,,
ALGN,INCY,0.2602299451828003,0.19489580392837524,False,,,
JNJ,PFE,0.25493186712265015,0.16169138252735138,False,,,
RARE,XBI,0.2541341483592987,2.0610530376434326,False,,,
IHI,UNH,0.25230810046195984,0.0829186663031578,False,,,
INCY,JNJ,0.25013625621795654,0.2420950084924698,False,,,
MRK,UNH,0.24725599586963654,0.12951716780662537,False,,,
ALGN,PFE,0.24508008360862732,0.21309490501880646,False,,,
ACAD,INCY,0.2433352768421173,0.19157502055168152,False,,,
REGN,SRPT,0.24307098984718323,2.3444321155548096,False,,,
RGEN,XBI,0.23942385613918304,2.519150495529175,False,,,
JNJ,UNH,0.23499879240989685,0.157955139875412,False,,,
IHF,IHI,0.233167827129364,0.05185144767165184,False,,,
ALGN,UNH,0.23160672187805176,0.17690585553646088,False,,,
EXAS,XBI,0.22794708609580994,1.7438069581985474,True,11.55877178995599,100.0,26.0
INCY,TMO,0.22687703371047974,0.21882568299770355,False,,,
ACAD,PFE,0.22556114196777344,0.22220394015312195,False,,,
IHF,MRK,0.22424395382404327,0.14258772134780884,False,,,
LLY,XBI,0.2240598201751709,4.406762599945068,False,,,
PFE,TMO,0.22186172008514404,0.1871914565563202,False,,,
DXCM,XBI,0.22053471207618713,1.4866926670074463,False,,,
ABBV,REGN,0.22026695311069489,0.4042717516422272,False,,,
ALGN,IHF,0.21746312081813812,0.13082587718963623,False,,,
ACAD,UNH,0.21680885553359985,0.16068193316459656,False,,,
IHI,MRK,0.2167622596025467,0.12122100591659546,False,,,
JNJ,MRK,0.21537905931472778,0.030275961384177208,False,,,
IHF,JNJ,0.21236176788806915,0.16660244762897491,False,,,
ILMN,XBI,0.21068723499774933,1.4151006937026978,False,,,
ALGN,IHI,0.20815639197826385,0.12299900501966476,False,,,
TMO,UNH,0.20716160535812378,0.15290655195713043,False,,,
IHI,JNJ,0.20598137378692627,0.14112788438796997,False,,,
ACAD,IHF,0.20256054401397705,0.1088477373123169,True,9.29817755804346,94.73684210526316,19.0
MRNA,XBI,0.20007546246051788,1.5717661380767822,False,,,
IHF,TMO,0.19041557610034943,0.12002073228359222,True,12.187313481893096,100.0,36.0
ACAD,IHI,0.19029830396175385,0.12558741867542267,False,,,
ALGN,MRK,0.18891534209251404,0.23109687864780426,False,,,
INCY,VEEV,0.1870296448469162,0.32788732647895813,False,,,
IHI,TMO,0.18290340900421143,0.09396405518054962,False,,,
ACAD,ALGN,0.18162962794303894,0.1269920915365219,False,,,
MRK,TMO,0.17932036519050598,0.12565916776657104,False,,,
ACAD,MRK,0.17839685082435608,0.19841884076595306,False,,,
ALGN,JNJ,0.17759940028190613,0.24433261156082153,False,,,
PFE,VEEV,0.17535842955112457,0.32859987020492554,False,,,
JNJ,TMO,0.1707044094800949,0.12916231155395508,False,,,
AZN,XBI,0.1682940125465393,2.7952208518981934,False,,,
ACAD,JNJ,0.16755783557891846,0.21144463121891022,False,,,
ALGN,TMO,0.1674974113702774,0.15052780508995056,False,,,
UNH,VEEV,0.16503563523292542,0.295910507440567,False,,,
IHF,VEEV,0.15792933106422424,0.24353259801864624,False,,,
ACAD,TMO,0.15451867878437042,0.11637597531080246,False,,,
IHI,VEEV,0.1525258719921112,0.22251948714256287,False,,,
ALGN,VEEV,0.1520003378391266,0.18325774371623993,False,,,
ACAD,VEEV,0.1324617564678192,0.19387583434581757,False,,,
MRK,VEEV,0.131058007478714,0.30371955037117004,False,,,
AMGN,XBI,0.12961164116859436,2.4507410526275635,False,,,
INCY,RXL,0.1265110969543457,0.38623639941215515,False,,,
PFE,RXL,0.1259598582983017,0.3569403290748596,False,,,
PFE,XLV,0.12531617283821106,0.3642551004886627,False,,,
JNJ,VEEV,0.12206555157899857,0.306416779756546,False,,,
INCY,XLV,0.12148939818143845,0.40399259328842163,False,,,
TMO,VEEV,0.12045440077781677,0.19967417418956757,False,,,
RXL,UNH,0.11721264570951462,0.3222426772117615,False,,,
UNH,XLV,0.114850714802742,0.33548811078071594,False,,,
PFE,VHT,0.10660532116889954,0.39535126090049744,False,,,
MRK,XLV,0.1065705195069313,0.2565930485725403,False,,,
IHF,RXL,0.10656914860010147,0.28750625252723694,False,,,
MRK,RXL,0.10455302894115448,0.25668448209762573,False,,,
JNJ,XLV,0.10321672260761261,0.23708294332027435,False,,,
INCY,VHT,0.10277654230594635,0.4322439134120941,False,,,
IHF,XLV,0.10272608697414398,0.30713844299316406,False,,,
IHI,RXL,0.10257028788328171,0.26468369364738464,False,,,
JNJ,RXL,0.1003270149230957,0.24083122611045837,False,,,
IHI,XLV,0.09990637004375458,0.2817327380180359,False,,,
UNH,VHT,0.09756509214639664,0.36513370275497437,False,,,
MRK,VHT,0.09118980169296265,0.28775084018707275,False,,,
ALGN,RXL,0.09053856134414673,0.2777378559112549,False,,,
JNJ,VHT,0.08845925331115723,0.26818346977233887,False,,,
IHF,VHT,0.08712528645992279,0.3342674672603607,False,,,
ACAD,RXL,0.08509083092212677,0.23013272881507874,True,12.82796074188288,100.0,12.0
RXL,TMO,0.08493052423000336,0.17762014269828796,True,9.212772354226912,100.0,34.0
IHI,VHT,0.08488380908966064,0.30922091007232666,False,,,
ALGN,XLV,0.0842578113079071,0.3060847520828247,False,,,
TMO,XLV,0.08383128046989441,0.19425614178180695,False,,,
ACAD,XLV,0.07931602001190186,0.2617226541042328,False,,,
IBB,INCY,0.07673448324203491,0.47099971771240234,False,,,
TMO,VHT,0.07122819870710373,0.22167709469795227,False,,,
ALGN,VHT,0.07081831991672516,0.32675066590309143,False,,,
IBB,PFE,0.06931935250759125,0.46238112449645996,False,,,
ACAD,VHT,0.0669686496257782,0.2817668914794922,False,,,
IBB,UNH,0.0663086399435997,0.42279699444770813,False,,,
ALGN,IBB,0.06438711285591125,0.3202345073223114,False,,,
IBB,IHF,0.06397762149572372,0.37543556094169617,False,,,
RXL,VEEV,0.06348475813865662,0.23317603766918182,False,,,
IBB,IHI,0.06102816015481949,0.3553176820278168,False,,,
VEEV,XLV,0.05635819956660271,0.2694665789604187,False,,,
ACAD,IBB,0.05524703115224838,0.2928439676761627,False,,,
RXL,XLV,0.05193246901035309,0.04577193036675453,False,,,
IBB,VEEV,0.051745280623435974,0.22574090957641602,False,,,
IBB,MRK,0.05030862241983414,0.3840373158454895,False,,,
IBB,TMO,0.048093102872371674,0.27987974882125854,False,,,
VEEV,VHT,0.047748714685440063,0.2757359743118286,False,,,
VHT,XLV,0.047499947249889374,0.03387165814638138,False,,,
IBB,JNJ,0.04634210094809532,0.37293222546577454,False,,,
RXL,VHT,0.04468338191509247,0.05284291133284569,False,,,
IBB,RXL,0.02326601929962635,0.16896407306194305,False,,,
ABBV,XBI,0.020269135013222694,0.6902163028717041,False,,,
IBB,XLV,0.01936301589012146,0.20085546374320984,False,,,
IBB,VHT,0.015873514115810394,0.1830875277519226,False,,,
GILD,XBI,0.01395748183131218,1.0826876163482666,False,,,
IBB,XBI,0.0052164169028401375,0.21733802556991577,False,,,
VEEV,XBI,0.0004973886534571648,0.40365028381347656,True,13.41462671264661,100.0,19.0
REGN,XBI,3.3629126846790314e-05,0.39257222414016724,False,,,
ALGN,XBI,-0.015293118543922901,0.5209504961967468,False,,,
ACAD,XBI,-0.021322239190340042,0.49837231636047363,False,,,
RXL,XBI,-0.024258151650428772,0.36479586362838745,False,,,
VHT,XBI,-0.026874326169490814,0.35846275091171265,False,,,
XBI,XLV,-0.030449122190475464,0.38658246397972107,False,,,
TMO,XBI,-0.03078564628958702,0.49554917216300964,False,,,
IHI,XBI,-0.03321408852934837,0.5693979263305664,False,,,
IHF,XBI,-0.033619992434978485,0.5878995656967163,False,,,
REGN,VHT,-0.03521902114152908,0.4818896949291229,False,,,
INCY,XBI,-0.03876106068491936,0.6799342632293701,False,,,
UNH,XBI,-0.042656198143959045,0.6373113989830017,False,,,
REGN,XLV,-0.04355781525373459,0.5125389695167542,False,,,
IBB,REGN,-0.04478989541530609,0.4840260148048401,False,,,
PFE,XBI,-0.048699215054512024,0.6777258515357971,False,,,
MRK,XBI,-0.05056329444050789,0.5989218354225159,False,,,
JNJ,XBI,-0.05113091319799423,0.5860915184020996,False,,,
REGN,RXL,-0.05178169533610344,0.5245530009269714,False,,,
IBB,SRPT,-0.0889398530125618,2.4624929428100586,False,,,
ABBV,IBB,-0.09524344652891159,0.8354309797286987,False,,,
ABBV,VHT,-0.09641754627227783,0.8469777703285217,False,,,
JNJ,REGN,-0.09933564811944962,0.7259101271629333,False,,,
REGN,VEEV,-0.09985131770372391,0.6713148951530457,False,,,
REGN,TMO,-0.10552182048559189,0.6943155527114868,False,,,
MRK,REGN,-0.10933860391378403,0.7505269646644592,False,,,
ABBV,XLV,-0.11556895077228546,0.877197265625,False,,,
DXCM,IBB,-0.11692273616790771,1.6957863569259644,False,,,
IBB,ILMN,-0.1181938499212265,1.628125786781311,False,,,
ACAD,REGN,-0.1268584132194519,0.7392428517341614,False,,,
ABBV,RXL,-0.12803465127944946,0.8890547752380371,False,,,
IHI,REGN,-0.13013297319412231,0.7778717875480652,False,,,
GILD,VHT,-0.1326230764389038,1.2136609554290771,False,,,
ALGN,REGN,-0.133644700050354,0.7714436650276184,False,,,
IHF,REGN,-0.1424720138311386,0.8064506649971008,False,,,
GILD,IBB,-0.1449260711669922,1.2167582511901855,False,,,
REGN,UNH,-0.14926330745220184,0.8404836058616638,False,,,
PFE,REGN,-0.15086409449577332,0.8664149641990662,False,,,
GILD,XLV,-0.16005343198776245,1.2416257858276367,False,,,
IBB,MRNA,-0.16175897419452667,1.7845555543899536,False,,,
EXAS,IBB,-0.1713828593492508,1.9570497274398804,False,,,
INCY,REGN,-0.17618677020072937,0.9078517556190491,False,,,
GILD,RXL,-0.18477332592010498,1.259796142578125,False,,,
IBB,XRAY,-0.20138636231422424,2.3181915283203125,False,,,
IBB,RARE,-0.21136474609375,2.27364444732666,False,,,
ABBV,VEEV,-0.22271674871444702,1.0291506052017212,False,,,
ABBV,TMO,-0.24335885047912598,1.0585389137268066,False,,,
ABBV,JNJ,-0.25674712657928467,1.0975085496902466,False,,,
IBB,SDGR,-0.2695233225822449,2.9381752014160156,False,,,
ABBV,MRK,-0.275463342666626,1.121738314628601,False,,,
ABBV,ACAD,-0.27662888169288635,1.0994442701339722,False,,,
CRSP,IBB,-0.28388625383377075,2.811815023422241,False,,,
ABBV,ALGN,-0.29461708664894104,1.1312942504882812,False,,,
DRIO,IBB,-0.29678216576576233,3.2045698165893555,False,,,
IBB,RGEN,-0.3007582426071167,2.7234177589416504,False,,,
ABBV,IHI,-0.30318570137023926,1.1462750434875488,False,,,
ILMN,VHT,-0.3062369227409363,1.7446942329406738,False,,,
DXCM,VHT,-0.315809428691864,1.8139852285385132,False,,,
ABBV,IHF,-0.3226245939731598,1.1719318628311157,False,,,
MRNA,VHT,-0.3300849199295044,1.8810553550720215,False,,,
SRPT,VEEV,-0.3330780267715454,2.5803890228271484,False,,,
AMGN,IBB,-0.3351236581802368,2.6317527294158936,False,,,
GILD,VEEV,-0.3355289101600647,1.4028421640396118,False,,,
ILMN,RXL,-0.3357183337211609,1.7642940282821655,False,,,
DXCM,RXL,-0.3394711911678314,1.8296663761138916,False,,,
ABBV,UNH,-0.342548668384552,1.206540584564209,False,,,
DXCM,VEEV,-0.3442267179489136,1.8537957668304443,False,,,
GILD,JNJ,-0.3525965213775635,1.4420175552368164,False,,,
ILMN,XLV,-0.3554607033729553,1.7765713930130005,False,,,
GILD,TMO,-0.35599225759506226,1.424416422843933,False,,,
ABBV,PFE,-0.35626810789108276,1.2346009016036987,False,,,
ILMN,VEEV,-0.3587455749511719,1.799487829208374,False,,,
DXCM,XLV,-0.3676142394542694,1.8460643291473389,False,,,
EXAS,VHT,-0.3686619699001312,2.0595340728759766,False,,,
MRNA,RXL,-0.37019267678260803,1.9048352241516113,False,,,
AZN,IBB,-0.37101563811302185,2.9803357124328613,False,,,
GILD,MRK,-0.3841796815395355,1.469326376914978,False,,,
MRNA,XLV,-0.3850879371166229,1.913681149482727,False,,,
ABBV,INCY,-0.38836249709129333,1.2693710327148438,False,,,
AMGN,VHT,-0.3931288719177246,2.6569175720214844,False,,,
BNTX,IBB,-0.40800735354423523,3.561401128768921,False,,,
RXL,SRPT,-0.41270482540130615,2.5958220958709717,False,,,
EXAS,RXL,-0.41387951374053955,2.0837292671203613,False,,,
SRPT,VHT,-0.4155423939228058,2.595025062561035,False,,,
ACAD,GILD,-0.42367929220199585,1.4785361289978027,False,,,
RARE,VHT,-0.4258173704147339,2.369692325592041,False,,,
EXAS,XLV,-0.4288412928581238,2.091850757598877,False,,,
VHT,XRAY,-0.4404085576534271,2.4226295948028564,False,,,
MRNA,VEEV,-0.44054287672042847,1.9617507457733154,False,,,
GILD,IHI,-0.44228747487068176,1.5084232091903687,False,,,
ALGN,GILD,-0.4448583126068115,1.504493236541748,False,,,
AZN,VHT,-0.46392372250556946,3.0141823291778564,False,,,
AMGN,XLV,-0.4672781825065613,2.6872496604919434,False,,,
RGEN,VHT,-0.4782089591026306,2.790875196456909,False,,,
GILD,IHF,-0.4798712134361267,1.5398402214050293,False,,,
SRPT,XLV,-0.48100173473358154,2.622760772705078,False,,,
RARE,RXL,-0.482624888420105,2.3955938816070557,False,,,
EXAS,VEEV,-0.48816579580307007,2.1377251148223877,False,,,
RXL,XRAY,-0.4903019666671753,2.4451448917388916,False,,,
ACAD,SRPT,-0.4904438853263855,2.648573398590088,False,,,
RARE,XLV,-0.49557870626449585,2.4018256664276123,False,,,
AMGN,RXL,-0.4961121678352356,2.697219133377075,False,,,
GILD,UNH,-0.504422664642334,1.569292426109314,False,,,
ACAD,DXCM,-0.5048026442527771,1.949233889579773,False,,,
GILD,PFE,-0.5127232074737549,1.5875579118728638,False,,,
XLV,XRAY,-0.5128484964370728,2.4551608562469482,False,,,
IBB,NVAX,-0.5129027366638184,4.729883670806885,False,,,
CRSP,VHT,-0.5192198753356934,2.8972485065460205,False,,,
ACAD,ILMN,-0.5223418474197388,1.8992502689361572,False,,,
ALGN,DXCM,-0.5333982706069946,1.9727587699890137,False,,,
ALGN,ILMN,-0.5371125936508179,1.9161851406097412,False,,,
ALGN,SRPT,-0.5453177690505981,2.6757731437683105,False,,,
ILMN,TMO,-0.5492773056030273,1.9076920747756958,False,,,
AZN,XLV,-0.5496991872787476,3.044773578643799,False,,,
IBB,VRTX,-0.5564460754394531,4.680585861206055,False,,,
DXCM,TMO,-0.5567983984947205,1.9702211618423462,False,,,
RGEN,XLV,-0.561312198638916,2.8229403495788574,False,,,
SDGR,VHT,-0.5618815422058105,3.0388596057891846,False,,,
RGEN,RXL,-0.563905656337738,2.823152542114258,False,,,
VEEV,XRAY,-0.5696403980255127,2.49334716796875,False,,,
AZN,RXL,-0.5803288221359253,3.054163932800293,False,,,
GILD,INCY,-0.5855110287666321,1.6397532224655151,False,,,
RARE,VEEV,-0.588925838470459,2.455777168273926,False,,,
CRSP,RXL,-0.5976495146751404,2.9258711338043213,False,,,
IBB,LLY,-0.6030168533325195,4.589578628540039,False,,,
ACAD,MRNA,-0.604382336139679,2.0537641048431396,False,,,
CRSP,XLV,-0.6062676310539246,2.9294958114624023,False,,,
DRIO,VHT,-0.6122817993164062,3.30414080619812,False,,,
BNTX,VHT,-0.6155579686164856,3.621568202972412,False,,,
MRNA,TMO,-0.6258706450462341,2.058929681777954,False,,,
RXL,SDGR,-0.6332005262374878,3.063840627670288,False,,,
ALGN,MRNA,-0.6416352987289429,2.080270528793335,False,,,
SRPT,TMO,-0.6485416889190674,2.7035911083221436,False,,,
IBB,TMDX,-0.6506092548370361,5.190744400024414,False,,,
IHI,ILMN,-0.6515379548072815,1.9792925119400024,False,,,
DXCM,IHI,-0.6523295640945435,2.036325693130493,False,,,
SDGR,XLV,-0.6537559032440186,3.0711915493011475,False,,,
DXCM,IHF,-0.6685114502906799,2.0492892265319824,False,,,
IHF,ILMN,-0.6734191179275513,1.9954851865768433,False,,,
ACAD,EXAS,-0.6739359498023987,2.2323110103607178,False,,,
ILMN,JNJ,-0.678729236125946,1.9888279438018799,False,,,
DXCM,JNJ,-0.6880270838737488,2.0497493743896484,False,,,
EXAS,TMO,-0.6896098256111145,2.2344634532928467,False,,,
DRIO,RXL,-0.6913033723831177,3.329444646835327,False,,,
LLY,VHT,-0.7018110752105713,4.612905502319336,False,,,
ILMN,MRK,-0.7018962502479553,2.0045223236083984,False,,,
ALGN,EXAS,-0.7088091969490051,2.255666494369507,False,,,
DXCM,MRK,-0.7094343900680542,2.0641286373138428,False,,,
DRIO,XLV,-0.7129167318344116,3.3365275859832764,False,,,
BNTX,XLV,-0.7218376994132996,3.652686595916748,False,,,
IHF,SRPT,-0.7275605797767639,2.749878168106079,False,,,
BNTX,RXL,-0.7356175184249878,3.655911445617676,False,,,
IHI,SRPT,-0.7357953786849976,2.749127149581909,False,,,
IHI,MRNA,-0.750891923904419,2.136122941970825,False,,,
ILMN,UNH,-0.7542709112167358,2.046004056930542,False,,,
DXCM,UNH,-0.7562018632888794,2.101769208908081,False,,,
JNJ,MRNA,-0.757677435874939,2.1354269981384277,False,,,
SDGR,VEEV,-0.7641631364822388,3.1190404891967773,False,,,
CRSP,VEEV,-0.7645479440689087,2.9956445693969727,False,,,
RGEN,VEEV,-0.7695924043655396,2.9087681770324707,False,,,
IHF,MRNA,-0.7732768058776855,2.15136981010437,False,,,
BIIB,IBB,-0.7859390377998352,6.365555763244629,False,,,
MRK,MRNA,-0.7862866520881653,2.1525814533233643,False,,,
ACAD,XRAY,-0.7863664627075195,2.5868966579437256,False,,,
AMGN,VEEV,-0.7936539053916931,2.8194756507873535,False,,,
DXCM,INCY,-0.7961088418960571,2.135692834854126,False,,,
ILMN,INCY,-0.797228217124939,2.0823020935058594,False,,,
VHT,VRTX,-0.8018509149551392,4.734529495239258,False,,,
ENTA,IBB,-0.8024057149887085,6.356096267700195,False,,,
ACAD,RARE,-0.802463173866272,2.5494544506073,False,,,
RARE,TMO,-0.811341404914856,2.5486745834350586,False,,,
TMO,XRAY,-0.8205790519714355,2.5959055423736572,False,,,
ILMN,PFE,-0.8211605548858643,2.08829402923584,False,,,
EXAS,IHI,-0.8284216523170471,2.311760902404785,False,,,
ALGN,XRAY,-0.8300473093986511,2.6104536056518555,False,,,
DXCM,PFE,-0.8331849575042725,2.1476640701293945,False,,,
LLY,XLV,-0.8345043659210205,4.643068790435791,False,,,
EXAS,JNJ,-0.8346686363220215,2.310884714126587,False,,,
DRIO,VEEV,-0.8360974192619324,3.384398937225342,False,,,
TMDX,VHT,-0.8435051441192627,5.22940731048584,False,,,
ALGN,RARE,-0.8440949320793152,2.5725579261779785,False,,,
JNJ,SRPT,-0.8472391366958618,2.786403179168701,False,,,
SRPT,UNH,-0.8548728823661804,2.8033769130706787,False,,,
EXAS,IHF,-0.8564990162849426,2.3283026218414307,False,,,
MRNA,UNH,-0.8590592741966248,2.2005510330200195,False,,,
MRK,SRPT,-0.8591980934143066,2.7936177253723145,False,,,
INCY,SRPT,-0.8651391267776489,2.818402051925659,False,,,
EXAS,MRK,-0.8665027022361755,2.3281314373016357,False,,,
NVAX,VHT,-0.8677161931991577,4.806090354919434,False,,,
LLY,RXL,-0.8893575668334961,4.6544389724731445,False,,,
AZN,VEEV,-0.8989298939704895,3.169304132461548,False,,,
INCY,MRNA,-0.9151292443275452,2.2402005195617676,False,,,
AMGN,TMO,-0.9264705181121826,2.869694232940674,False,,,
MRNA,PFE,-0.9349190592765808,2.2439260482788086,False,,,
VRTX,XLV,-0.9436874389648438,4.765841484069824,False,,,
EXAS,UNH,-0.9493852853775024,2.3768115043640137,False,,,
RXL,VRTX,-0.9642874002456665,4.769744396209717,False,,,
IHI,XRAY,-0.980270266532898,2.6705610752105713,False,,,
IHI,RARE,-0.9803603887557983,2.628225326538086,False,,,
JNJ,RARE,-0.9815717339515686,2.625537157058716,False,,,
PFE,SRPT,-0.9842483401298523,2.8563497066497803,False,,,
BIIB,VHT,-0.9874902963638306,6.39847469329834,False,,,
RGEN,TMO,-0.9925433397293091,2.9877922534942627,False,,,
JNJ,XRAY,-0.9962944984436035,2.673462152481079,False,,,
TMDX,XLV,-0.9974889755249023,5.260082721710205,False,,,
ACAD,AMGN,-1.0001392364501953,2.8990025520324707,False,,,
IHF,XRAY,-1.0098862648010254,2.6854662895202637,False,,,
NVAX,RXL,-1.0122771263122559,4.837090015411377,False,,,
EXAS,INCY,-1.0127438306808472,2.4165854454040527,False,,,
IHF,RARE,-1.0135858058929443,2.6447341442108154,False,,,
ENTA,VHT,-1.013706922531128,6.390589714050293,False,,,
NVAX,XLV,-1.0146946907043457,4.838001728057861,False,,,
ACAD,RGEN,-1.0162676572799683,2.999347448348999,False,,,
MRK,RARE,-1.0198570489883423,2.643171548843384,False,,,
CRSP,TMO,-1.0236228704452515,3.08417010307312,False,,,
ACAD,CRSP,-1.0257693529129028,3.0883865356445312,False,,,
EXAS,PFE,-1.0289506912231445,2.418558359146118,False,,,
MRK,XRAY,-1.0327922105789185,2.6901180744171143,False,,,
AMGN,JNJ,-1.0364336967468262,2.9175872802734375,False,,,
ACAD,SDGR,-1.0371264219284058,3.2118749618530273,False,,,
RXL,TMDX,-1.040686011314392,5.267910003662109,False,,,
BNTX,VEEV,-1.0432313680648804,3.7497048377990723,False,,,
SDGR,TMO,-1.0591635704040527,3.215351104736328,False,,,
AZN,TMO,-1.059614658355713,3.2227203845977783,False,,,
ALGN,AMGN,-1.070073127746582,2.9290196895599365,False,,,
ALGN,RGEN,-1.0748525857925415,3.0246200561523438,False,,,
ALGN,CRSP,-1.0828384160995483,3.1124494075775146,False,,,
AMGN,MRK,-1.0960921049118042,2.9407432079315186,False,,,
ALGN,SDGR,-1.0962082147598267,3.2356417179107666,False,,,
RARE,UNH,-1.119678020477295,2.6924471855163574,False,,,
UNH,XRAY,-1.1241989135742188,2.7354745864868164,False,,,
ACAD,DRIO,-1.1391652822494507,3.478806734085083,False,,,
AMGN,IHI,-1.145477294921875,2.957523822784424,False,,,
ACAD,AZN,-1.1526273488998413,3.2547943592071533,False,,,
DRIO,TMO,-1.1607537269592285,3.4818873405456543,False,,,
JNJ,RGEN,-1.1672735214233398,3.0550954341888428,False,,,
BIIB,XLV,-1.1707834005355835,6.428130626678467,False,,,
AZN,JNJ,-1.1799708604812622,3.2686209678649902,False,,,
INCY,RARE,-1.1952877044677734,2.732110023498535,False,,,
INCY,XRAY,-1.195469856262207,2.772958278656006,False,,,
ALGN,DRIO,-1.1996122598648071,3.5011515617370605,False,,,
AMGN,IHF,-1.199827790260315,2.9793033599853516,False,,,
ENTA,XLV,-1.2007431983947754,6.420865535736084,False,,,
IHI,RGEN,-1.2098407745361328,3.0716910362243652,False,,,
PFE,RARE,-1.2111544609069824,2.7337307929992676,False,,,
BIIB,RXL,-1.2178969383239746,6.435146331787109,False,,,
ALGN,AZN,-1.2198951244354248,3.2807459831237793,False,,,
MRK,RGEN,-1.220707893371582,3.0751936435699463,False,,,
CRSP,JNJ,-1.2234902381896973,3.1573855876922607,False,,,
PFE,XRAY,-1.2248424291610718,2.779418706893921,False,,,
CRSP,IHI,-1.240867257118225,3.165498733520508,False,,,
AZN,MRK,-1.2501955032348633,3.29251766204834,False,,,
ENTA,RXL,-1.2505446672439575,6.428307056427002,False,,,
IHF,RGEN,-1.2571766376495361,3.090397834777832,False,,,
JNJ,SDGR,-1.2737879753112793,3.290133237838745,False,,,
IHI,SDGR,-1.2739684581756592,3.292701244354248,False,,,
CRSP,MRK,-1.2743887901306152,3.1760385036468506,False,,,
CRSP,IHF,-1.2851669788360596,3.1827003955841064,False,,,
AMGN,UNH,-1.2893425226211548,3.0162465572357178,False,,,
BNTX,TMO,-1.2973151206970215,3.8194923400878906,False,,,
AZN,IHI,-1.3077619075775146,3.3099863529205322,False,,,
IHF,SDGR,-1.3165616989135742,3.3087258338928223,False,,,
MRK,SDGR,-1.3235442638397217,3.307692050933838,False,,,
NVAX,VEEV,-1.3530399799346924,4.915112495422363,False,,,
ACAD,BNTX,-1.3554258346557617,3.8375091552734375,False,,,
AMGN,PFE,-1.3656255006790161,3.048175096511841,False,,,
RGEN,UNH,-1.3746094703674316,3.134946823120117,False,,,
AZN,IHF,-1.3779196739196777,3.334205389022827,False,,,
VEEV,VRTX,-1.392510175704956,4.866854190826416,False,,,
DRIO,IHI,-1.3961714506149292,3.559236526489258,False,,,
DRIO,JNJ,-1.39706552028656,3.5571627616882324,False,,,
CRSP,UNH,-1.4135031700134277,3.229353189468384,False,,,
AMGN,INCY,-1.4239304065704346,3.070970058441162,False,,,
LLY,VEEV,-1.4248040914535522,4.776407241821289,False,,,
ALGN,BNTX,-1.429438829421997,3.8612918853759766,False,,,
DRIO,IHF,-1.443913459777832,3.5755066871643066,False,,,
DRIO,MRK,-1.4519035816192627,3.574831962585449,False,,,
SDGR,UNH,-1.456533670425415,3.3570938110351562,False,,,
PFE,RGEN,-1.4750784635543823,3.173309087753296,False,,,
AZN,UNH,-1.4827144145965576,3.3717923164367676,False,,,
INCY,RGEN,-1.4869279861450195,3.1806387901306152,False,,,
BNTX,JNJ,-1.5166734457015991,3.8838748931884766,False,,,
CRSP,INCY,-1.5169627666473389,3.2710206508636475,False,,,
CRSP,PFE,-1.5247077941894531,3.2698917388916016,False,,,
INCY,SDGR,-1.5569406747817993,3.396296262741089,False,,,
AZN,PFE,-1.5626857280731201,3.40146803855896,False,,,
PFE,SDGR,-1.578538417816162,3.3992865085601807,False,,,
TMDX,VEEV,-1.5786112546920776,5.376438617706299,False,,,
BNTX,MRK,-1.589890956878662,3.904773712158203,False,,,
BNTX,IHI,-1.593642234802246,3.9057605266571045,False,,,
DRIO,UNH,-1.5974807739257812,3.624065399169922,False,,,
AZN,INCY,-1.6452826261520386,3.429002046585083,False,,,
LLY,TMO,-1.6569433212280273,4.82684326171875,False,,,
BNTX,IHF,-1.6598474979400635,3.925299644470215,False,,,
DRIO,INCY,-1.7077858448028564,3.6631126403808594,False,,,
TMO,VRTX,-1.7273749113082886,4.9372124671936035,False,,,
DRIO,PFE,-1.7301867008209229,3.666104555130005,False,,,
NVAX,TMO,-1.7545087337493896,4.998133182525635,False,,,
ACAD,NVAX,-1.781328797340393,5.0056681632995605,False,,,
ACAD,VRTX,-1.7966365814208984,4.953415393829346,False,,,
ACAD,LLY,-1.8020426034927368,4.859047889709473,False,,,
BNTX,UNH,-1.8051525354385376,3.9674997329711914,False,,,
JNJ,LLY,-1.8376085758209229,4.870009422302246,False,,,
ALGN,NVAX,-1.8884296417236328,5.030505657196045,False,,,
TMDX,TMO,-1.8995752334594727,5.437654972076416,False,,,
BIIB,VEEV,-1.9014856815338135,6.546575546264648,False,,,
ALGN,VRTX,-1.9123494625091553,4.98024320602417,False,,,
ENTA,VEEV,-1.9248080253601074,6.538426399230957,False,,,
ALGN,LLY,-1.9267514944076538,4.8882341384887695,False,,,
BNTX,PFE,-1.9276071786880493,4.003376483917236,False,,,
LLY,MRK,-1.947312355041504,4.894153118133545,False,,,
BNTX,INCY,-1.9599666595458984,4.014301300048828,False,,,
JNJ,VRTX,-2.0076205730438232,4.999380588531494,False,,,
ACAD,TMDX,-2.026548385620117,5.462945461273193,False,,,
IHI,LLY,-2.048677444458008,4.914841651916504,False,,,
JNJ,NVAX,-2.079775810241699,5.068443298339844,False,,,
MRK,VRTX,-2.104862689971924,5.020421504974365,False,,,
IHI,VRTX,-2.119077682495117,5.023272514343262,False,,,
IHI,NVAX,-2.1381866931915283,5.081582546234131,False,,,
ALGN,TMDX,-2.1502275466918945,5.488734245300293,False,,,
IHF,LLY,-2.152238368988037,4.937953948974609,False,,,
JNJ,TMDX,-2.1645662784576416,5.4913859367370605,False,,,
MRK,NVAX,-2.1705126762390137,5.087920188903809,False,,,
IHF,VRTX,-2.2033681869506836,5.042067527770996,False,,,
IHF,NVAX,-2.215959072113037,5.0988850593566895,False,,,
BIIB,TMO,-2.2763357162475586,6.605105876922607,False,,,
MRK,TMDX,-2.2809934616088867,5.514028549194336,False,,,
LLY,UNH,-2.309723377227783,4.974015235900879,False,,,
ENTA,TMO,-2.3136355876922607,6.599147796630859,False,,,
IHI,TMDX,-2.34077787399292,5.52487850189209,False,,,
ACAD,BIIB,-2.3719615936279297,6.621208667755127,False,,,
UNH,VRTX,-2.3944554328918457,5.08400297164917,False,,,
NVAX,UNH,-2.426234006881714,5.1440887451171875,False,,,
ACAD,ENTA,-2.4354617595672607,6.619224548339844,False,,,
LLY,PFE,-2.438718557357788,5.003986358642578,False,,,
IHF,TMDX,-2.4489006996154785,5.546271324157715,False,,,
ALGN,BIIB,-2.546698570251465,6.650184631347656,False,,,
INCY,LLY,-2.561408042907715,5.030718803405762,False,,,
PFE,VRTX,-2.5623555183410645,5.120932102203369,False,,,
BIIB,JNJ,-2.5985894203186035,6.658015251159668,False,,,
INCY,VRTX,-2.6017231941223145,5.130843639373779,False,,,
NVAX,PFE,-2.610748052597046,5.18379545211792,False,,,
ALGN,ENTA,-2.6129775047302246,6.648626804351807,False,,,
INCY,NVAX,-2.6133322715759277,5.18649959564209,False,,,
TMDX,UNH,-2.6455187797546387,5.585412502288818,False,,,
ENTA,JNJ,-2.650580406188965,6.654313087463379,False,,,
BIIB,MRK,-2.73148250579834,6.679168701171875,False,,,
ENTA,MRK,-2.7866878509521484,6.675959587097168,False,,,
BIIB,IHI,-2.793907642364502,6.688523769378662,False,,,
PFE,TMDX,-2.8094120025634766,5.6183342933654785,False,,,
ENTA,IHI,-2.849555015563965,6.685385227203369,False,,,
BIIB,IHF,-2.899381160736084,6.705811023712158,False,,,
INCY,TMDX,-2.903139114379883,5.637021064758301,False,,,
ENTA,IHF,-2.963528871536255,6.703948020935059,False,,,
BIIB,UNH,-3.134303092956543,6.74390172958374,False,,,
ENTA,UNH,-3.203214645385742,6.742755889892578,False,,,
BIIB,PFE,-3.3578617572784424,6.779999256134033,False,,,
BIIB,INCY,-3.4175877571105957,6.790486812591553,False,,,
ENTA,PFE,-3.4219107627868652,6.778141975402832,False,,,
ENTA,INCY,-3.497391939163208,6.790953636169434,False,,,
